participant_id,model_name,parameterization,bound_settings,algorithm,alpha,mu1,mu2,beta,kappa,w,theta_star,t0
42,DFT_CRT,value_scaling,wide,DEoptimR,1.2888425966810286,1,1.0035446480492907,1.095445167083415,1,0.7171884609034225,2.9432484688204466,1.2690075243003023
