participant_id,model_name,parameterization,bound_settings,algorithm,alpha,mu,beta,kappa1,kappa2,kappa3,w,a,t01,t02,t03
21,DDM,time_scaling_t0,wide,DEoptimR,0.7983784757763558,1,0.34259675678320545,1,1.0137784523783198,0.9330262597702125,0.2205406292024595,3.438171298346201,1.2586090704342763,1.3437335485489346,1.3819771982179627
