participant_id,model_name,parameterization,bound_settings,algorithm,alpha,mu1,mu2,beta,kappa1,kappa2,w,a,t01,t02
79,DDM,time_and_value_scaling_t0,wide,DEoptimR,0.2967491077603454,1,1.0480730219560321,0.010000000272824845,1,0.9999975582580428,0.653633519158157,3.1497178302806974,1.794721796522167,1.8645420467356901
