participant_id,model_name,parameterization,bound_settings,algorithm,alpha,mu,beta,kappa1,kappa2,kappa3,w,a,t01,t02,t03
36,DDM,time_scaling_t0,wide,DEoptimR,0.5930761757836868,1,0.5558613786044259,1,1.0542588490389777,0.9684948805725362,0.7623912448453828,3.2472675340356627,1.1986632462422362,1.5715030913378791,1.204707488249003
