subject_ix,t_l,ip
63,2,43.18
63,4,41.13999999999999
63,8,24.82
63,16,15.979999999999999
63,32,5.1
63,64,8.5
63,128,1.02
