subject_ix,t_l,ip
7,2,21.419999999999998
7,4,15.979999999999999
7,8,10.54
7,16,10.54
7,32,4.42
7,64,4.42
7,128,2.38
