subject_ix,t_l,ip
57,2,43.18
57,4,40.46
57,8,40.46
57,16,41.13999999999999
57,32,30.939999999999998
57,64,41.13999999999999
57,128,41.13999999999999
