subject_ix,t_l,ip
40,2,32.3
40,4,38.419999999999995
40,8,37.74
40,16,35.699999999999996
40,32,10.54
40,64,8.5
40,128,2.38
