subject_ix,t_l,ip
73,2,38.419999999999995
73,4,37.74
73,8,39.1
73,16,37.74
73,32,32.98
73,64,29.58
73,128,21.419999999999998
