subject_ix,t_l,ip
3,2,43.18
3,4,43.18
3,8,43.18
3,16,42.49999999999999
3,32,42.49999999999999
3,64,38.419999999999995
3,128,22.1
