subject_ix,t_l,ip
44,2,43.18
44,4,43.18
44,8,43.18
44,16,43.18
44,32,41.13999999999999
44,64,41.13999999999999
44,128,41.13999999999999
