subject_ix,t_l,ip
4,2,43.18
4,4,43.18
4,8,41.82
4,16,41.82
4,32,41.13999999999999
4,64,39.779999999999994
4,128,39.1
