subject_ix,t_l,ip
48,2,43.18
48,4,43.18
48,8,43.18
48,16,43.18
48,32,38.419999999999995
48,64,35.02
48,128,21.419999999999998
