subject_ix,t_l,ip
22,2,43.18
22,4,43.18
22,8,43.18
22,16,43.18
22,32,43.18
22,64,39.779999999999994
22,128,39.779999999999994
