subject_ix,t_l,ip
76,2,41.82
76,4,41.82
76,8,41.82
76,16,42.49999999999999
76,32,39.779999999999994
76,64,38.419999999999995
76,128,35.699999999999996
