subject_ix,t_l,ip
54,2,43.18
54,4,43.18
54,8,43.18
54,16,43.18
54,32,41.13999999999999
54,64,39.779999999999994
54,128,39.779999999999994
