subject_ix,t_l,ip
10,2,42.49999999999999
10,4,42.49999999999999
10,8,42.49999999999999
10,16,42.49999999999999
10,32,42.49999999999999
10,64,41.82
10,128,41.13999999999999
