subject_ix,t_l,ip
72,2,41.82
72,4,43.18
72,8,41.13999999999999
72,16,41.13999999999999
72,32,39.1
72,64,37.74
72,128,35.02
