subject_ix,t_l,ip
13,2,40.46
13,4,39.1
13,8,39.1
13,16,39.1
13,32,21.419999999999998
13,64,15.299999999999999
13,128,8.5
