subject_ix,t_l,ip
19,2,35.02
19,4,38.419999999999995
19,8,32.3
19,16,32.3
19,32,30.939999999999998
19,64,26.86
19,128,24.82
