subject_ix,t_l,ip
70,2,39.779999999999994
70,4,39.779999999999994
70,8,39.779999999999994
70,16,37.74
70,32,37.74
70,64,37.74
70,128,37.059999999999995
