subject_ix,t_l,ip
81,2,43.18
81,4,43.18
81,8,42.49999999999999
81,16,41.13999999999999
81,32,37.74
81,64,37.059999999999995
81,128,35.02
