subject_ix,t_l,ip
77,2,41.82
77,4,41.82
77,8,41.13999999999999
77,16,41.13999999999999
77,32,39.779999999999994
77,64,38.419999999999995
77,128,35.02
