subject_ix,t_l,ip
1,2,38.419999999999995
1,4,39.779999999999994
1,8,38.419999999999995
1,16,35.02
1,32,35.02
1,64,29.58
1,128,21.419999999999998
