subject_ix,t_l,ip
55,2,41.13999999999999
55,4,41.82
55,8,41.82
55,16,41.82
55,32,41.13999999999999
55,64,39.1
55,128,38.419999999999995
