subject_ix,t_l,ip
85,2,43.18
85,4,41.82
85,8,41.13999999999999
85,16,39.779999999999994
85,32,34.339999999999996
85,64,21.419999999999998
85,128,9.86
