subject_ix,t_l,ip
17,2,41.82
17,4,41.82
17,8,41.13999999999999
17,16,38.419999999999995
17,32,35.02
17,64,25.5
17,128,22.1
