subject_ix,t_l,ip
58,2,38.419999999999995
58,4,32.98
58,8,30.259999999999998
58,16,28.22
58,32,30.259999999999998
58,64,22.1
58,128,22.1
