subject_ix,t_l,ip
64,2,39.779999999999994
64,4,37.74
64,8,36.38
64,16,39.779999999999994
64,32,39.779999999999994
64,64,39.779999999999994
64,128,39.1
