subject_ix,t_l,ip
51,2,39.779999999999994
51,4,39.779999999999994
51,8,39.779999999999994
51,16,39.779999999999994
51,32,38.419999999999995
51,64,37.74
51,128,39.1
