subject_ix,t_l,ip
47,2,41.82
47,4,39.779999999999994
47,8,38.419999999999995
47,16,32.3
47,32,33.660000000000004
47,64,33.660000000000004
47,128,18.7
