subject_ix,t_l,ip
41,2,43.18
41,4,37.74
41,8,37.059999999999995
41,16,35.02
41,32,35.699999999999996
41,64,37.059999999999995
41,128,22.1
