subject_ix,t_l,ip
46,2,40.46
46,4,41.13999999999999
46,8,41.13999999999999
46,16,41.13999999999999
46,32,37.059999999999995
46,64,35.699999999999996
46,128,27.54
