subject_ix,t_l,ip
37,2,41.82
37,4,41.13999999999999
37,8,35.699999999999996
37,16,35.02
37,32,33.660000000000004
37,64,33.660000000000004
37,128,27.54
