subject_ix,t_l,ip
6,2,41.82
6,4,41.13999999999999
6,8,41.82
6,16,39.779999999999994
6,32,32.3
6,64,35.699999999999996
6,128,35.699999999999996
