subject_ix,t_l,ip
14,2,22.1
14,4,13.94
14,8,7.819999999999999
14,16,7.819999999999999
14,32,5.1
14,64,5.1
14,128,5.1
