subject_ix,t_l,ip
25,2,40.46
25,4,41.82
25,8,41.13999999999999
25,16,41.13999999999999
25,32,40.46
25,64,41.13999999999999
25,128,37.74
