participant_id,frame,choice,n,percentage
6,delay,ss,4,0.04819277108433735
6,delay,ll,79,0.9518072289156626
6,date,ss,16,0.19047619047619047
6,date,ll,68,0.8095238095238095
