participant_id,frame,choice,n,percentage
74,delay,ss,22,0.3013698630136986
74,delay,ll,51,0.6986301369863014
74,date,ss,22,0.28205128205128205
74,date,ll,56,0.717948717948718
