participant_id,frame,choice,n,percentage
43,delay,ss,45,0.54216867469879515
43,delay,ll,38,0.4578313253012048
43,date,ss,28,0.3373493975903614
43,date,ll,55,0.6626506024096386
