participant_id,frame,choice,n,percentage
93,delay,ss,12,0.14285714285714285
93,delay,ll,72,0.8571428571428571
93,date,ss,16,0.19047619047619047
93,date,ll,68,0.8095238095238095
