participant_id,frame,choice,n,percentage
17,delay,ss,28,0.3373493975903614
17,delay,ll,55,0.6626506024096386
17,date,ss,17,0.20238095238095238
17,date,ll,67,0.7976190476190477
