participant_id,frame,choice,n,percentage
20,delay,ss,34,0.40963855421686746
20,delay,ll,49,0.5903614457831325
20,date,ss,28,0.3373493975903614
20,date,ll,55,0.6626506024096386
