participant_id,frame,choice,n,percentage
82,delay,ss,44,0.5238095238095238
82,delay,ll,40,0.47619047619047616
82,date,ss,17,0.20481927710843373
82,date,ll,66,0.7951807228915663
