subject_ix,t_l,ip
11,2,41.13999999999999
11,4,40.46
11,8,41.13999999999999
11,16,37.74
11,32,38.419999999999995
11,64,38.419999999999995
11,128,34.339999999999996
