subject_ix,t_l,ip
91,2,40.46
91,4,41.13999999999999
91,8,40.46
91,16,37.74
91,32,35.699999999999996
91,64,33.660000000000004
91,128,21.419999999999998
