subject_ix,t_l,ip
52,2,41.13999999999999
52,4,37.74
52,8,36.38
52,16,39.1
52,32,37.74
52,64,35.699999999999996
52,128,33.660000000000004
