subject_ix,t_l,ip
33,2,39.1
33,4,39.1
33,8,35.699999999999996
33,16,35.02
33,32,30.259999999999998
33,64,9.86
33,128,6.46
