subject_ix,t_l,ip
84,2,41.82
84,4,41.13999999999999
84,8,38.419999999999995
84,16,35.699999999999996
84,32,32.3
84,64,22.1
84,128,13.94
