subject_ix,t_l,ip
27,2,37.74
27,4,39.1
27,8,35.699999999999996
27,16,35.02
27,32,35.699999999999996
27,64,33.660000000000004
27,128,33.660000000000004
