subject_ix,t_l,ip
75,2,39.1
75,4,39.779999999999994
75,8,39.1
75,16,39.779999999999994
75,32,39.1
75,64,34.339999999999996
75,128,33.660000000000004
