subject_ix,t_l,ip
93,2,43.18
93,4,43.18
93,8,43.18
93,16,43.18
93,32,41.13999999999999
93,64,41.13999999999999
93,128,41.13999999999999
