subject_ix,t_l,ip
26,2,43.18
26,4,41.13999999999999
26,8,41.82
26,16,41.13999999999999
26,32,41.13999999999999
26,64,39.779999999999994
26,128,38.419999999999995
