subject_ix,t_l,ip
65,2,41.13999999999999
65,4,32.3
65,8,30.259999999999998
65,16,30.259999999999998
65,32,30.259999999999998
65,64,28.22
65,128,20.74
