subject_ix,t_l,ip
20,2,31.619999999999997
20,4,29.58
20,8,29.58
20,16,21.419999999999998
20,32,18.7
20,64,13.94
20,128,11.9
