subject_ix,t_l,ip
42,2,41.82
42,4,41.13999999999999
42,8,39.779999999999994
42,16,35.699999999999996
42,32,32.3
42,64,32.98
42,128,30.259999999999998
