subject_ix,t_l,ip
87,2,42.49999999999999
87,4,43.18
87,8,42.49999999999999
87,16,41.13999999999999
87,32,41.13999999999999
87,64,40.46
87,128,40.46
