subject_ix,t_l,ip
92,2,43.18
92,4,41.13999999999999
92,8,39.1
92,16,37.74
92,32,36.38
92,64,33.660000000000004
92,128,32.3
