subject_ix,t_l,ip
62,2,38.419999999999995
62,4,39.1
62,8,37.059999999999995
62,16,32.3
62,32,26.18
62,64,32.98
62,128,19.38
