subject_ix,t_l,ip
50,2,42.49999999999999
50,4,42.49999999999999
50,8,42.49999999999999
50,16,41.82
50,32,41.13999999999999
50,64,39.779999999999994
50,128,39.779999999999994
