subject_ix,t_l,ip
24,2,39.779999999999994
24,4,39.779999999999994
24,8,35.02
24,16,37.059999999999995
24,32,33.660000000000004
24,64,32.98
24,128,33.660000000000004
