subject_ix,t_l,ip
9,2,30.259999999999998
9,4,24.82
9,8,29.58
9,16,30.259999999999998
9,32,19.38
9,64,18.7
9,128,7.14
