subject_ix,t_l,ip
38,2,32.98
38,4,30.259999999999998
38,8,31.619999999999997
38,16,32.98
38,32,21.419999999999998
38,64,22.1
38,128,13.26
