subject_ix,t_l,ip
23,2,43.18
23,4,41.13999999999999
23,8,40.46
23,16,41.13999999999999
23,32,39.1
23,64,39.779999999999994
23,128,30.259999999999998
