subject_ix,t_l,ip
35,2,41.13999999999999
35,4,39.779999999999994
35,8,39.1
35,16,35.02
35,32,35.02
35,64,32.98
35,128,24.82
