subject_ix,t_l,ip
43,2,43.18
43,4,41.13999999999999
43,8,41.13999999999999
43,16,39.779999999999994
43,32,39.779999999999994
43,64,39.1
43,128,38.419999999999995
