subject_ix,t_l,ip
56,2,35.699999999999996
56,4,35.02
56,8,33.660000000000004
56,16,32.98
56,32,29.58
56,64,19.38
56,128,18.02
