subject_ix,t_l,ip
15,2,39.1
15,4,39.779999999999994
15,8,39.779999999999994
15,16,40.46
15,32,39.1
15,64,39.1
15,128,41.13999999999999
