subject_ix,t_l,ip
32,2,40.46
32,4,41.13999999999999
32,8,39.1
32,16,37.74
32,32,35.699999999999996
32,64,34.339999999999996
32,128,32.98
