subject_ix,t_l,ip
49,2,40.46
49,4,39.779999999999994
49,8,39.779999999999994
49,16,20.06
49,32,13.26
49,64,10.54
49,128,10.54
