participant_id,model_name,parameterization,bound_settings,algorithm,alpha,mu1,mu2,beta,kappa1,kappa2,kappa3,w,a,t0
42,DDM,time_and_value_scaling,wide,DEoptimR,0.6163840611630613,1,1.0125012224756174,0.9890239789184969,1,1.1075224715976313,1.1810675518598754,0.9730712483748161,2.8767272528558276,1.2908724934862172
