subject_ix,t_l,ip
53,2,43.18
53,4,43.18
53,8,43.18
53,16,43.18
53,32,39.1
53,64,33.660000000000004
53,128,30.259999999999998
