subject_ix,t_l,ip
39,2,43.18
39,4,43.18
39,8,41.82
39,16,43.18
39,32,41.13999999999999
39,64,41.82
39,128,38.419999999999995
