subject_ix,t_l,ip
61,2,43.18
61,4,43.18
61,8,37.74
61,16,41.13999999999999
61,32,41.13999999999999
61,64,41.13999999999999
61,128,41.13999999999999
