subject_ix,t_l,ip
60,2,41.13999999999999
60,4,43.18
60,8,41.13999999999999
60,16,39.1
60,32,38.419999999999995
60,64,37.059999999999995
60,128,33.660000000000004
