subject_ix,t_l,ip
18,2,43.18
18,4,43.18
18,8,43.18
18,16,43.18
18,32,43.18
18,64,39.779999999999994
18,128,30.939999999999998
