subject_ix,t_l,ip
78,2,43.18
78,4,43.18
78,8,43.18
78,16,43.18
78,32,41.13999999999999
78,64,41.13999999999999
78,128,38.419999999999995
