participant_id,frame,choice,n,percentage
77,delay,ss,18,0.21951219512195122
77,delay,ll,64,0.7804878048780488
77,date,ss,5,0.06329113924050633
77,date,ll,74,0.9367088607594937
