participant_id,frame,choice,n,percentage
70,delay,ss,10,0.11904761904761904
70,delay,ll,74,0.8809523809523809
70,date,ss,4,0.047619047619047616
70,date,ll,80,0.9523809523809523
