participant_id,frame,choice,n,percentage
23,delay,ss,58,0.6987951807228916
23,delay,ll,25,0.30120481927710846
23,date,ss,45,0.54216867469879515
23,date,ll,38,0.4578313253012048
