participant_id,frame,choice,n,percentage
62,delay,ss,32,0.3855421686746988
62,delay,ll,51,0.6144578313253012
62,date,ss,27,0.3253012048192771
62,date,ll,56,0.6746987951807228
