participant_id,frame,choice,n,percentage
84,delay,ss,52,0.6265060240963856
84,delay,ll,31,0.37349397590361444
84,date,ss,46,0.5476190476190477
84,date,ll,38,0.4523809523809524
