participant_id,frame,choice,n,percentage
81,delay,ss,35,0.4268292682926829
81,delay,ll,47,0.573170731707317
81,date,ss,21,0.25301204819277107
81,date,ll,62,0.7469879518072289
