participant_id,frame,choice,n,percentage
91,delay,ss,9,0.11842105263157894
91,delay,ll,67,0.881578947368421
91,date,ss,2,0.02531645569620253
91,date,ll,77,0.9746835443037974
