participant_id,frame,choice,n,percentage
27,delay,ss,12,0.14814814814814814
27,delay,ll,69,0.8518518518518519
27,date,ss,18,0.21428571428571427
27,date,ll,66,0.7857142857142857
