participant_id,frame,choice,n,percentage
68,delay,ss,30,0.36585365853658536
68,delay,ll,52,0.6341463414634146
68,date,ss,30,0.35714285714285715
68,date,ll,54,0.6428571428571429
