participant_id,frame,choice,n,percentage
38,delay,ss,8,0.11428571428571428
38,delay,ll,62,0.8857142857142857
38,date,ss,20,0.24390243902439024
38,date,ll,62,0.7560975609756098
