subject_ix,t_l,ip
8,2,10.54
8,4,30.259999999999998
8,8,37.059999999999995
8,16,29.58
8,32,21.419999999999998
8,64,32.98
8,128,10.54
