subject_ix,t_l,ip
2,2,39.1
2,4,37.74
2,8,38.419999999999995
2,16,36.38
2,32,21.419999999999998
2,64,30.259999999999998
2,128,18.7
